<?xml version="1.0" encoding="UTF-8"?>
<configuration>
    <appender name="stdout" class="ch.qos.logback.core.ConsoleAppender">
        <Target>System.out</Target>
        <encoder>
            <pattern>%d{yyyy-MM-dd HH:mm:ss} %X{CORRELATION_ID} %-5p %c{1}:%L - %m%n</pattern>
        </encoder>
    </appender>
    <logger name="com.zenika.microservices.resanet" additivity="false" level="TRACE">
        <appender-ref ref="stdout"/>
    </logger>
    <root level="WARN">
        <appender-ref ref="stdout"/>
    </root>
</configuration>